{
    "page_views": {
        "home": 5,
        "about": 3,
        "services": 2,
        "experience": 4,
        "contact": 3
    },
    "sessions": {
        "1756660126.653885": {
            "pages": [
                "home",
                "about",
                "services",
                "experience",
                "experience",
                "contact",
                "experience",
                "contact",
                "about",
                "home",
                "home",
                "home",
                "about",
                "services",
                "experience",
                "contact",
                "home"
            ]
        }
    },
    "visits": 17,
    "durations": [
        0.4573671817779541,
        4.8165061473846436,
        4.844378709793091,
        40918.88250088692,
        40919.024262428284,
        40921.11154150963,
        40921.18592095375,
        40924.628708601,
        40924.73711395264,
        40928.23911070824,
        40928.30241894722,
        40934.958718299866,
        40935.05509138107,
        40937.79446840286,
        40937.87109708786,
        40940.89655447006,
        40940.96941995621,
        40944.495136499405,
        40944.603650569916,
        40947.15121150017,
        40950.08095359802,
        40950.13594818115,
        40953.63052916527,
        40953.72553443909,
        40957.68146586418,
        40957.79830813408,
        40960.68878722191,
        40960.77596735954,
        40963.676453113556,
        40963.75356602669,
        40965.92334294319,
        40965.99031877518,
        41576.43193721771,
        41576.72764515877,
        41578.69296360016,
        41578.751353263855,
        41581.89466524124,
        41581.986943244934,
        41583.07563686371,
        41583.1933863163,
        41584.19522070885,
        41584.28170275688,
        41586.6549911499,
        41586.74124598503,
        41588.98567986488,
        41589.033311367035,
        41600.656435251236,
        41600.74207210541
    ]
}